diff_id,true_cwes,predicted_cwes,top1_hit,top3_hit,top5_hit,top10_hit,reciprocal_rank,true_cwe_in_rules
0976f8f7131975a1ae29b2724069a301a870a46d,['CWE-22'],"['CWE-78', 'CWE-327', 'CWE-570', 'CWE-601', 'CWE-942', 'CWE-79', 'CWE-208', 'CWE-22', 'CWE-584', 'CWE-90']",False,False,False,True,0.125,True
aa87d67258a5b6742fc53d06c7bdac0f643bc9f1,['CWE-22'],[],False,False,False,False,0.0,True
bf9c4ba9e81fd066b4d133eaddf2da2c6b3005aa,['CWE-19'],[],False,False,False,False,0.0,False
17e5370d948e94135338111363f97cc9d513c92a,['CWE-119'],"['CWE-327', 'CWE-670', 'CWE-601', 'CWE-584', 'CWE-326', 'CWE-523', 'CWE-489', 'CWE-208', 'CWE-95', 'CWE-685']",False,False,False,False,0.0,False
963e21212bddd86e4cc2c661f38e09ebf6491b44,['CWE-264'],[],False,False,False,False,0.0,False
71c243035e169149f6448dc50b085c8781d39779,['CWE-20'],"['CWE-22', 'CWE-327', 'CWE-561', 'CWE-601', 'CWE-942', 'CWE-352', 'CWE-1275', 'CWE-571', 'CWE-315', 'CWE-643']",False,False,False,False,0.0,True
bf5040f75e71e25af0b9b5c2a9c098c5933d4acc,['CWE-78'],"['CWE-78', 'CWE-489', 'CWE-628', 'CWE-22', 'CWE-685', 'CWE-601', 'CWE-584', 'CWE-390', 'CWE-942', 'CWE-95']",True,True,True,True,1.0,True
7c9205aafd495ae053b899ad900cdd40913566a2,['CWE-78'],[],False,False,False,False,0.0,True
a8dc5a6d760d00f78353c6943f30ea45756ecc9c,['CWE-200'],"['CWE-79', 'CWE-601', 'CWE-614', 'CWE-1275', 'CWE-208', 'CWE-74', 'CWE-1004', 'CWE-327', 'CWE-352', 'CWE-628']",False,False,False,False,0.0,True
f7cc8f7cba3c4591dc894d772655e0a060340163,['CWE-200'],[],False,False,False,False,0.0,True
245ab23f3afdc8fce9443e5b1a01fa39bd62e0e5,['CWE-79'],"['CWE-400', 'CWE-79', 'CWE-116', 'CWE-601', 'CWE-89', 'CWE-502', 'CWE-685', 'CWE-561', 'CWE-208', 'CWE-1275']",False,True,True,True,0.5,True
bc0f896a47d7b2dcd6f9fc1fff88f6a25b248f8a,['CWE-119'],[],False,False,False,False,0.0,False
8f0c8f731190f761180bed827d07b7a740d8555b,['CWE-125'],[],False,False,False,False,0.0,False
ab52630d0644e42a75eb88b78b9a9d7438a6fbeb,['CWE-125'],[],False,False,False,False,0.0,False
d537ab0ff9767ef024f26246899728f0116b1ec3,['CWE-255'],[],False,False,False,False,0.0,False
ac2052ebc84c45709ab5f0f25e685bf656ce79bc,['CWE-79'],[],False,False,False,False,0.0,True
255449c1ee61c14778658caae8c430fa4d76afd6,['CWE-79'],[],False,False,False,False,0.0,True
9c9d9c3acf0dde791ff7d336078ecfd14b17315e,['CWE-20'],[],False,False,False,False,0.0,True
97a981a7660154027df1da4f8a2cc314e701d037,['CWE-79'],[],False,False,False,False,0.0,True
30c0fed8de4f859cb8b4bb7468069db9aed331ad,['CWE-20'],"['CWE-79', 'CWE-685', 'CWE-584', 'CWE-942', 'CWE-390', 'CWE-628', 'CWE-78', 'CWE-776', 'CWE-352', 'CWE-1004']",False,False,False,False,0.0,True
3bb50fec693d7d388bca7e47cd9f63a6e4e29040,['CWE-79'],[],False,False,False,False,0.0,True
d67ac06d31a92a014732cf538988e05d4ffcec9d,['CWE-79'],"['CWE-78', 'CWE-942', 'CWE-22', 'CWE-601', 'CWE-1004', 'CWE-79', 'CWE-327', 'CWE-208', 'CWE-614', 'CWE-400']",False,False,False,True,0.16666666666666666,True
8a31fac515a8883aa524f87cc5b60300d2dfb125,['CWE-79'],"['CWE-79', 'CWE-670', 'CWE-584', 'CWE-78', 'CWE-116', 'CWE-570', 'CWE-327', 'CWE-523', 'CWE-628', 'CWE-601']",True,True,True,True,1.0,True
13ad3b7170da6b78aae6e9464ebb2270e4da31da,['CWE-79'],"['CWE-601', 'CWE-79', 'CWE-327', 'CWE-584', 'CWE-116', 'CWE-685', 'CWE-942', 'CWE-208', 'CWE-179', 'CWE-523']",False,True,True,True,0.5,True
2425446431aec74c8cf818dffb3f599dd6c7baad,['CWE-347'],"['CWE-942', 'CWE-614', 'CWE-208', 'CWE-1004', 'CWE-704', 'CWE-400', 'CWE-601', 'CWE-78', 'CWE-561', 'CWE-200']",False,False,False,False,0.0,True
1149068b924ad7a30e165a9cb90d2b791432f267,['CWE-863'],[],False,False,False,False,0.0,False
0f1af73c0ffadbe597405d535ff4fcd5812f1e30,['CWE-863'],"['CWE-352', 'CWE-79', 'CWE-89', 'CWE-601', 'CWE-384', 'CWE-208', 'CWE-563', 'CWE-829', 'CWE-687', 'CWE-942']",False,False,False,False,0.0,False
58f38c74ae1f5917db0fc0ed3fb0efe7b7df791e,['CWE-20'],"['CWE-942', 'CWE-78', 'CWE-685', 'CWE-200', 'CWE-601', 'CWE-584', 'CWE-628', 'CWE-79', 'CWE-22', 'CWE-497']",False,False,False,False,0.0,True
1081156f134a5c71bc38ab4a3687a900cb35ba14,['CWE-200'],[],False,False,False,False,0.0,True
a97b83babc288ac6409f6a5249ee72dee4f30cbd,['CWE-22'],"['CWE-22', 'CWE-352', 'CWE-116', 'CWE-219', 'CWE-78', 'CWE-483', 'CWE-502', 'CWE-563', 'CWE-561', 'CWE-23']",True,True,True,True,1.0,True
4caf1090abcc9868243d1ba9d002bc610e7450be,['CWE-89'],"['CWE-685', 'CWE-571', 'CWE-208', 'CWE-400', 'CWE-561', 'CWE-79', 'CWE-89', 'CWE-78', 'CWE-219', 'CWE-80']",False,False,False,True,0.14285714285714285,True
608e3aab06c36832672a286a6df6f215e3e7c56e,['CWE-311'],[],False,False,False,False,0.0,False
eca500880dd1b7a448b7d91a184eb8f43bb187c7,['CWE-79'],"['CWE-400', 'CWE-561', 'CWE-483', 'CWE-193', 'CWE-563', 'CWE-685', 'CWE-79', 'CWE-758', 'CWE-571', 'CWE-80']",False,False,False,True,0.14285714285714285,True
0ac69fbaae72b2845772f8e49e6de3358bee035c,['CWE-89'],[],False,False,False,False,0.0,True
ce6490f3e98a57f5e1836b5536e147ae68bedbf1,['CWE-22'],[],False,False,False,False,0.0,True
d0ad9ecf3282cce84f1bbee4ee65988bdb3ae0bb,['CWE-79'],[],False,False,False,False,0.0,True
31a13eaaeaec742d520e14dcb5f3b024413909bf,['CWE-78'],"['CWE-78', 'CWE-22', 'CWE-502', 'CWE-400', 'CWE-20', 'CWE-88', 'CWE-193', 'CWE-563', 'CWE-327', 'CWE-561']",True,True,True,True,1.0,True
d9abaae384b198db1095735ad9c1c73d7b890a0d,['CWE-94'],[],False,False,False,False,0.0,True
b748fe77a87749d95876028eda8e759109be4c73,['CWE-94'],"['CWE-78', 'CWE-563', 'CWE-835', 'CWE-79', 'CWE-676', 'CWE-942', 'CWE-502', 'CWE-116', 'CWE-22', 'CWE-483']",False,False,False,False,0.0,True
076a1f97c29ab3857b5801bf1d1c0991a432dfc3,['CWE-79'],[],False,False,False,False,0.0,True
c663ea818390ff260c96e0a232380b670773a942,['CWE-119'],"['CWE-78', 'CWE-193', 'CWE-400', 'CWE-352', 'CWE-384', 'CWE-483', 'CWE-601', 'CWE-20', 'CWE-835', 'CWE-628']",False,False,False,False,0.0,False
eed510ce355ba82834ed082bcd27bb5bbb080c2a,['CWE-502'],"['CWE-400', 'CWE-571', 'CWE-193', 'CWE-502', 'CWE-80', 'CWE-338', 'CWE-676', 'CWE-116', 'CWE-483', 'CWE-829']",False,False,True,True,0.25,True
806da342c96d9bc1d904f7413c7537f741d8f5f7,['CWE-502'],[],False,False,False,False,0.0,True
2a66fb8fbfa8255f4939b874057e6a947e4c8bf0,['CWE-284'],[],False,False,False,False,0.0,False
18d80c6f0bbe037b216145d10904fe0a9e2a9f01,['CWE-284'],"['CWE-942', 'CWE-200', 'CWE-400', 'CWE-502', 'CWE-483', 'CWE-22', 'CWE-20', 'CWE-352', 'CWE-319', 'CWE-640']",False,False,False,False,0.0,False
1b6c78820be7803be5e38a01301a76cc05a93ff3,['CWE-200'],"['CWE-400', 'CWE-22', 'CWE-835', 'CWE-200', 'CWE-79', 'CWE-78', 'CWE-1004', 'CWE-563', 'CWE-116', 'CWE-327']",False,False,True,True,0.25,True
b7bcd6581b1586b77ebd381b02c4b32d377859a7,['CWE-20'],[],False,False,False,False,0.0,True
b04fb3aced2d038f2671882ce88f8e56ac8ae205,['CWE-79'],"['CWE-352', 'CWE-22', 'CWE-400', 'CWE-327', 'CWE-79', 'CWE-1004', 'CWE-918', 'CWE-193', 'CWE-563', 'CWE-483']",False,False,True,True,0.2,True
ffc59303905d507e7d5813300da8b7b94bfa871b,['CWE-22'],[],False,False,False,False,0.0,True
7ba451de175ac1ee1c05ee872cca92e4e3a8d13f,['CWE-79'],"['CWE-79', 'CWE-400', 'CWE-502', 'CWE-20', 'CWE-193', 'CWE-116', 'CWE-571', 'CWE-327', 'CWE-483', 'CWE-758']",True,True,True,True,1.0,True
35ea2aaab73f9ca088fcaad4015f7bef94d9fd90,['CWE-400'],"['CWE-942', 'CWE-22', 'CWE-571', 'CWE-78', 'CWE-400', 'CWE-704', 'CWE-219', 'CWE-918', 'CWE-79', 'CWE-200']",False,False,True,True,0.2,True
4d64bbcf7d3ead8c658e16db5742c03d590c61eb,['CWE-20'],[],False,False,False,False,0.0,True
3d447c5a335844b25faec04b1132dbc721f9c8f6,['CWE-79'],[],False,False,False,False,0.0,True
a33206ada7283d6cc381e14f6bcb8f7e07bd2a1b,['CWE-79'],"['CWE-79', 'CWE-571', 'CWE-400', 'CWE-835', 'CWE-942', 'CWE-563', 'CWE-561', 'CWE-193', 'CWE-502', 'CWE-116']",True,True,True,True,1.0,True
7b28116c60a9f1efea5ed99869fbc2a0e78fa3bc,['CWE-79'],"['CWE-79', 'CWE-942', 'CWE-835', 'CWE-571', 'CWE-1004', 'CWE-193', 'CWE-758', 'CWE-563', 'CWE-400', 'CWE-502']",True,True,True,True,1.0,True
fca784f28a702f9795a482f2a6081db0a6b63032,['CWE-22'],[],False,False,False,False,0.0,True
75f43deecb5d02063e0031021e77d2b5400525f6,['CWE-22'],"['CWE-22', 'CWE-400', 'CWE-352', 'CWE-483', 'CWE-942', 'CWE-563', 'CWE-20', 'CWE-78', 'CWE-829', 'CWE-193']",True,True,True,True,1.0,True
ff02114eaec090ee51db48435cc32d451662606e,['CWE-20'],"['CWE-352', 'CWE-22', 'CWE-502', 'CWE-116', 'CWE-483', 'CWE-942', 'CWE-563', 'CWE-193', 'CWE-400', 'CWE-88']",False,False,False,False,0.0,True
8b9f39656aabfa59b1b8b8a80b83fd192de8a73e,['CWE-1321'],[],False,False,False,False,0.0,False
90fc19934c62db5f2565d8d03b466b9c7d18eba2,['CWE-94'],"['CWE-571', 'CWE-193', 'CWE-502', 'CWE-676', 'CWE-400', 'CWE-20', 'CWE-704', 'CWE-79', 'CWE-483', 'CWE-476']",False,False,False,False,0.0,True
2f4eff90dd21e58dd56074dc4933b15a91373de6,['CWE-78'],"['CWE-78', 'CWE-502', 'CWE-400', 'CWE-116', 'CWE-483', 'CWE-327', 'CWE-730', 'CWE-88', 'CWE-561', 'CWE-319']",True,True,True,True,1.0,True
5db8ebd3dca7838c9e47e456f9c508e1fd8ea470,['CWE-668'],"['CWE-400', 'CWE-193', 'CWE-78', 'CWE-483', 'CWE-563', 'CWE-20', 'CWE-829', 'CWE-79', 'CWE-571', 'CWE-561']",False,False,False,False,0.0,False
a4019e5ea93a2a39865e96779f77fd0fbacb0575,['CWE-668'],"['CWE-400', 'CWE-563', 'CWE-193', 'CWE-483', 'CWE-476', 'CWE-561', 'CWE-20', 'CWE-338', 'CWE-480', 'CWE-829']",False,False,False,False,0.0,False
098f0d12bb534d1cb59303203096ead6b78ba693,['CWE-90'],"['CWE-78', 'CWE-563', 'CWE-79', 'CWE-483', 'CWE-704', 'CWE-502', 'CWE-1004', 'CWE-193', 'CWE-116', 'CWE-20']",False,False,False,False,0.0,True
a1a1fb8ff25c80529b13b8a6b57419803153137d,['CWE-20'],"['CWE-22', 'CWE-200', 'CWE-483', 'CWE-327', 'CWE-561', 'CWE-640', 'CWE-88', 'CWE-1004', 'CWE-193', 'CWE-367']",False,False,False,False,0.0,True
70b5330d33d286a4541cead518cc55117bfd0e7f,['CWE-59'],"['CWE-22', 'CWE-571', 'CWE-20', 'CWE-561', 'CWE-502', 'CWE-483', 'CWE-193', 'CWE-200', 'CWE-178', 'CWE-367']",False,False,False,False,0.0,False
83261490075b08391d10236418e914222c081e34,['CWE-22'],[],False,False,False,False,0.0,True
69a91de6d78aba60b80f877eb96855f678372d80,['CWE-22'],[],False,False,False,False,0.0,True
53778d9753b0c2b9ed9034d3dacf4281f6c8b8c0,['CWE-79'],"['CWE-79', 'CWE-942', 'CWE-601', 'CWE-78', 'CWE-200', 'CWE-22', 'CWE-116', 'CWE-400', 'CWE-352', 'CWE-685']",True,True,True,True,1.0,True
8e800bd112f12fac555b90d99e0453a5eca3f65f,['CWE-1321'],"['CWE-193', 'CWE-400', 'CWE-483', 'CWE-571', 'CWE-502', 'CWE-20', 'CWE-480', 'CWE-563', 'CWE-942', 'CWE-829']",False,False,False,False,0.0,False
5d304cb8222d40289e0546fbcbc437f9448285bb,['CWE-1321'],[],False,False,False,False,0.0,False
facddd79bcd07a03b3b64f6a615c34f3181b4083,['CWE-1321'],"['CWE-400', 'CWE-571', 'CWE-670', 'CWE-502', 'CWE-942', 'CWE-78', 'CWE-319', 'CWE-193', 'CWE-704', 'CWE-563']",False,False,False,False,0.0,False
0877d424e08d57e6f0d1da9a86289fb10d0ee136,['CWE-79'],"['CWE-79', 'CWE-400', 'CWE-116', 'CWE-78', 'CWE-942', 'CWE-352', 'CWE-563', 'CWE-1004', 'CWE-628', 'CWE-601']",True,True,True,True,1.0,True
2764127335126601b90aac6488ef927dce1eceda,['CWE-1321'],[],False,False,False,False,0.0,False
f27e8612f6aa533eb6f7eedf387b506cb6736352,['CWE-22'],"['CWE-22', 'CWE-79', 'CWE-352', 'CWE-200', 'CWE-78', 'CWE-400', 'CWE-502', 'CWE-835', 'CWE-20', 'CWE-193']",True,True,True,True,1.0,True
8f3c5b5879a4671fe2b58635ab18b88db1b64f1e,['CWE-78'],[],False,False,False,False,0.0,True
10f039b6fb4421324758d11666a4a5e352ce1d1c,['CWE-78'],"['CWE-78', 'CWE-502', 'CWE-20', 'CWE-88', 'CWE-483', 'CWE-563', 'CWE-835', 'CWE-400', 'CWE-561', 'CWE-327']",True,True,True,True,1.0,True
63d51bfed387d15bd98736b9c06e4465aa967205,['CWE-78'],"['CWE-78', 'CWE-400', 'CWE-502', 'CWE-942', 'CWE-670', 'CWE-685', 'CWE-571', 'CWE-193', 'CWE-22', 'CWE-563']",True,True,True,True,1.0,True
955c72bebfac179a79165abcd5e1995cb31c9c23,['CWE-88'],"['CWE-571', 'CWE-563', 'CWE-704', 'CWE-193', 'CWE-561', 'CWE-200', 'CWE-502', 'CWE-116', 'CWE-1004', 'CWE-476']",False,False,False,False,0.0,True
73b774a51b1ffc895d38c89dbde4b308f31c6e35,['CWE-88'],"['CWE-502', 'CWE-400', 'CWE-79', 'CWE-571', 'CWE-78', 'CWE-197', 'CWE-22', 'CWE-676', 'CWE-563', 'CWE-704']",False,False,False,False,0.0,True
19faeac16cd77bb163049f44cb39ed77e12ed41b,['CWE-88'],"['CWE-79', 'CWE-78', 'CWE-116', 'CWE-502', 'CWE-571', 'CWE-20', 'CWE-563', 'CWE-88', 'CWE-400', 'CWE-197']",False,False,False,True,0.125,True
55873d11cf37a503e7457292597b2aba983bffeb,['CWE-22'],[],False,False,False,False,0.0,True
6a49bf73648789eb50e90956803a0d6a028edcbc,['CWE-22'],"['CWE-22', 'CWE-400', 'CWE-942', 'CWE-79', 'CWE-20', 'CWE-352', 'CWE-571', 'CWE-483', 'CWE-178', 'CWE-193']",True,True,True,True,1.0,True
4b965c297957efd23e7b700ff7a04626a480f94a,['CWE-79'],"['CWE-400', 'CWE-78', 'CWE-79', 'CWE-571', 'CWE-942', 'CWE-116', 'CWE-346', 'CWE-685', 'CWE-200', 'CWE-502']",False,True,True,True,0.3333333333333333,True
743c145d881e52afaf7bc086762feb16fa2dd2f7,['CWE-59'],[],False,False,False,False,0.0,False
ae69d50d9111db745e98240f39eaae8c3c19aa12,['CWE-200'],[],False,False,False,False,0.0,True
4d1f00688b73da9f8bcb1b5abdd2f8aed58a4410,['CWE-1321'],[],False,False,False,False,0.0,False
97c5a01ddc0af4d08e5fd5f84face665320e22c4,['CWE-471'],"['CWE-571', 'CWE-400', 'CWE-483', 'CWE-79', 'CWE-502', 'CWE-193', 'CWE-200', 'CWE-20', 'CWE-942', 'CWE-829']",False,False,False,False,0.0,False
42be8f881bae69a3905aaf966fe32f5315aa840a,['CWE-471'],[],False,False,False,False,0.0,False
5a058ff68c208e13ee9e55f9f7b4ce79f307536a,['CWE-471'],[],False,False,False,False,0.0,False
3f0b64c4d34a0b50e8a863aa18b8026be26f3af7,['CWE-400'],[],False,False,False,False,0.0,True
167eb813ce8408964319cf611b053808da97f9fa,['CWE-79'],"['CWE-22', 'CWE-942', 'CWE-352', 'CWE-502', 'CWE-79', 'CWE-571', 'CWE-116', 'CWE-829', 'CWE-200', 'CWE-78']",False,False,True,True,0.2,True
6c76c9efd27c7ff5a5c6f187e8b7a435c4722338,['CWE-78'],"['CWE-22', 'CWE-78', 'CWE-571', 'CWE-400', 'CWE-942', 'CWE-193', 'CWE-1004', 'CWE-483', 'CWE-502', 'CWE-20']",False,True,True,True,0.5,True
2a463f7551b74030825b65f852df1fcdded197f7,['CWE-79'],[],False,False,False,False,0.0,True
14dd952282b922fabf45b240289a28c95e687528,['CWE-425'],"['CWE-942', 'CWE-571', 'CWE-79', 'CWE-400', 'CWE-704', 'CWE-327', 'CWE-20', 'CWE-116', 'CWE-476', 'CWE-78']",False,False,False,False,0.0,False
937f8b80484d0677bfd58f3963b6419df33f84f0,['CWE-78'],[],False,False,False,False,0.0,True
a4caeaf87f536ef3654b38112ba9cdd491d9bb36,['CWE-400'],"['CWE-942', 'CWE-352', 'CWE-79', 'CWE-400', 'CWE-1004', 'CWE-502', 'CWE-22', 'CWE-116', 'CWE-80', 'CWE-20']",False,False,True,True,0.25,True
8d5d2c8230b9c232afd82e01039c680e8a8b0094,['CWE-310'],"['CWE-79', 'CWE-1004', 'CWE-352', 'CWE-400', 'CWE-200', 'CWE-571', 'CWE-942', 'CWE-116', 'CWE-327', 'CWE-563']",False,False,False,False,0.0,False
40f1cce24c92c12c1e25893263c7b878f0bec011,['CWE-20'],"['CWE-347', 'CWE-571', 'CWE-704', 'CWE-79', 'CWE-193', 'CWE-327', 'CWE-676', 'CWE-20', 'CWE-502', 'CWE-78']",False,False,False,True,0.125,True
01ba8a8443d6da3ac181811855901fa0cd797bc9,['CWE-20'],"['CWE-347', 'CWE-571', 'CWE-79', 'CWE-829', 'CWE-676', 'CWE-327', 'CWE-193', 'CWE-483', 'CWE-20', 'CWE-704']",False,False,False,True,0.1111111111111111,True
ae8bf53fe897e296fd8829673fdc121f00e86645,['CWE-78'],[],False,False,False,False,0.0,True
d5f72dd08d4d7cd13b8dd96707d6b44fa1f483b1,['CWE-78'],"['CWE-78', 'CWE-22', 'CWE-942', 'CWE-400', 'CWE-193', 'CWE-685', 'CWE-571', 'CWE-20', 'CWE-79', 'CWE-346']",True,True,True,True,1.0,True
34a1a7060a3589b6288c798c246919b21d397e87,['CWE-20'],"['CWE-400', 'CWE-571', 'CWE-561', 'CWE-835', 'CWE-20', 'CWE-563', 'CWE-193', 'CWE-476', 'CWE-502', 'CWE-134']",False,False,True,True,0.2,True
33ca159d01a3ca8a61fa0c8fe16b7e4d42fb89ed,['CWE-1321'],"['CWE-942', 'CWE-400', 'CWE-78', 'CWE-502', 'CWE-571', 'CWE-79', 'CWE-193', 'CWE-208', 'CWE-704', 'CWE-563']",False,False,False,False,0.0,False
91bc67d81a9711fbf5a0f0c46bbf1d87232391f8,['CWE-20'],[],False,False,False,False,0.0,True
2427d4a99bed35baefd8f17ba422cb7aae8dcca7,['CWE-264'],[],False,False,False,False,0.0,False
d947ca7e9e341999356e07c2c5826930b9698964,['CWE-77'],[],False,False,False,False,0.0,False
f8e54c26e343186a24a65d35dbd268247802c0cb,['CWE-264'],"['CWE-79', 'CWE-200', 'CWE-942', 'CWE-116', 'CWE-601', 'CWE-1004', 'CWE-80', 'CWE-502', 'CWE-584', 'CWE-208']",False,False,False,False,0.0,False
78f1e4a4abfb24305d8f3d60bec094e849a70ab1,['CWE-264'],[],False,False,False,False,0.0,False
254a8e664d4eb09c0f104d0cffdd14b217eddb78,['CWE-264'],"['CWE-942', 'CWE-200', 'CWE-79', 'CWE-685', 'CWE-352', 'CWE-601', 'CWE-89', 'CWE-614', 'CWE-22', 'CWE-1236']",False,False,False,False,0.0,False
51faf289453053489cc350aa363ffde3290df16b,['CWE-264'],"['CWE-22', 'CWE-942', 'CWE-327', 'CWE-584', 'CWE-685', 'CWE-200', 'CWE-352', 'CWE-390', 'CWE-601', 'CWE-208']",False,False,False,False,0.0,False
d43666bce77bdc67146c23663b8a21746d7d41ce,['CWE-264'],"['CWE-22', 'CWE-942', 'CWE-601', 'CWE-78', 'CWE-79', 'CWE-584', 'CWE-89', 'CWE-200', 'CWE-327', 'CWE-628']",False,False,False,False,0.0,False
c45a2e7e952d0938b259dfa2a908bfdb5313ded8,['CWE-79'],"['CWE-89', 'CWE-79', 'CWE-352', 'CWE-78', 'CWE-22', 'CWE-942', 'CWE-601', 'CWE-200', 'CWE-327', 'CWE-116']",False,True,True,True,0.5,True
54173d2c67bc8ed8953b56e67d4719676f43a073,['CWE-20'],"['CWE-78', 'CWE-22', 'CWE-601', 'CWE-346', 'CWE-89', 'CWE-685', 'CWE-400', 'CWE-327', 'CWE-942', 'CWE-628']",False,False,False,False,0.0,True
a2f2a399566dd68ce7e312fff5a5ba857066797d,['CWE-79'],[],False,False,False,False,0.0,True
bc05547cd8c1dd511c6b6a6c873a1bc63417b111,['CWE-89'],"['CWE-89', 'CWE-628', 'CWE-685', 'CWE-687', 'CWE-942', 'CWE-601', 'CWE-327', 'CWE-400', 'CWE-208', 'CWE-20']",True,True,True,True,1.0,True
96199e562dcc409ab4bdc2b2146fa7cf73c7c5fe,['CWE-89'],[],False,False,False,False,0.0,True
ac1a079f9baf441c262fd11628f3e3d06f73129d,['CWE-20'],"['CWE-327', 'CWE-208', 'CWE-628', 'CWE-685', 'CWE-347', 'CWE-295', 'CWE-942', 'CWE-22', 'CWE-200', 'CWE-326']",False,False,False,False,0.0,True
18ea724b6f658943606237e01febc242f7a56260,['CWE-93'],[],False,False,False,False,0.0,False
7254cf0782dc768d4f54cfd5e2ff9ace6a8d6c2e,['CWE-93'],[],False,False,False,False,0.0,False
d6f70a4545faceb1ac5c3cfa8ead660b4a34c198,['CWE-534'],"['CWE-327', 'CWE-601', 'CWE-74', 'CWE-390', 'CWE-208', 'CWE-570', 'CWE-563', 'CWE-79', 'CWE-571', 'CWE-90']",False,False,False,False,0.0,False
eaccc87700760ed2d5a9aadae4d30fa9ab17453f,['CWE-534'],"['CWE-327', 'CWE-208', 'CWE-561', 'CWE-685', 'CWE-770', 'CWE-601', 'CWE-628', 'CWE-1004', 'CWE-730', 'CWE-614']",False,False,False,False,0.0,False
8745f80d90892c354bf82dc2058015a3b0e5156f,['CWE-79'],[],False,False,False,False,0.0,True
9d4888a7729fcd6f573b23d081c12e2f4bf91de1,['CWE-79'],"['CWE-400', 'CWE-601', 'CWE-89', 'CWE-179', 'CWE-208', 'CWE-685', 'CWE-79', 'CWE-942', 'CWE-116', 'CWE-327']",False,False,False,True,0.14285714285714285,True
c52d7b6ed1558d44acc96bd4f3468ffc4a8e5219,['CWE-310'],[],False,False,False,False,0.0,False
0ba5d1d4ad7fd6e442cc8bba5ea4735fcdf180b7,['CWE-200'],[],False,False,False,False,0.0,True
57273e0916c1e4a3d6d73cc7955814ec6633b3fa,['CWE-287'],[],False,False,False,False,0.0,True
5231bafc417ebf0e821f7003b856f8e324d50085,['CWE-287'],[],False,False,False,False,0.0,True
bc3b40f953da4c16bdbecf1ba9913718e9a94b87,['CWE-79'],[],False,False,False,False,0.0,True
338be6a6818c06ef07b39b1afed3713141569c6b,['CWE-502'],"['CWE-942', 'CWE-22', 'CWE-601', 'CWE-78', 'CWE-685', 'CWE-584', 'CWE-628', 'CWE-79', 'CWE-704', 'CWE-352']",False,False,False,False,0.0,True
24122d33711e9705caf09d29e38e7ec977011d1f,['CWE-254'],[],False,False,False,False,0.0,False
1abda216e59ca6ef57f727fdf5b5e9b8a02bee4f,['CWE-254'],"['CWE-22', 'CWE-79', 'CWE-942', 'CWE-561', 'CWE-601', 'CWE-670', 'CWE-400', 'CWE-685', 'CWE-409', 'CWE-78']",False,False,False,False,0.0,False
a816bf488997daaefc1d573cfb2aa679b932cbde,['CWE-264'],"['CWE-22', 'CWE-685', 'CWE-502', 'CWE-628', 'CWE-327', 'CWE-200', 'CWE-79', 'CWE-78', 'CWE-563', 'CWE-942']",False,False,False,False,0.0,False
e5792134c1fd925ed9f9c10eb6aace19505be9d2,['CWE-20'],"['CWE-79', 'CWE-942', 'CWE-22', 'CWE-208', 'CWE-601', 'CWE-78', 'CWE-352', 'CWE-685', 'CWE-200', 'CWE-348']",False,False,False,False,0.0,True
9d300cc28a0eefd4488284d6af85e2c0a260e2bd,['CWE-20'],[],False,False,False,False,0.0,True
e76b10a6ed4c2453e94b4d6329d04a62ffcc7082,['CWE-94'],"['CWE-390', 'CWE-584', 'CWE-685', 'CWE-628', 'CWE-942', 'CWE-327', 'CWE-20', 'CWE-561', 'CWE-396', 'CWE-601']",False,False,False,False,0.0,True
8ce72d8d2d25973b7064b1cf76a6b0b3d62f0ba0,['CWE-94'],[],False,False,False,False,0.0,True
ac36a99a7226e1092c2e7e28c9b6e32d8f82e6fb,['CWE-178'],[],False,False,False,False,0.0,True
3f402dfc91da3a5c91969025afea0bacbc4033e3,['CWE-697'],[],False,False,False,False,0.0,False
c63775e46e9b1fb09c384225940ee6d91af63f45,['CWE-697'],[],False,False,False,False,0.0,False
61d24f7dfa9abd845acd48fbb8a36f54a244e62e,['CWE-697'],[],False,False,False,False,0.0,False
f88d104fa0ad4e88074a771f95cc70e153244969,['CWE-20'],"['CWE-1004', 'CWE-193', 'CWE-197', 'CWE-942', 'CWE-1275', 'CWE-20', 'CWE-561', 'CWE-400', 'CWE-783', 'CWE-563']",False,False,False,True,0.16666666666666666,True
c770a1651d9ee06148c955d660539303574b7e8d,['CWE-20'],[],False,False,False,False,0.0,True
bbb3294c72e9f40c3447ce08c74a69494a12a7ce,['CWE-79'],[],False,False,False,False,0.0,True
